Min,Location,LOC_NUM_SOUND,Phase_Num,Bin_Num,Prop_Birds,num_birds
1,BODRC,1,1,1,0.125,1
2,BODRC,1,1,1,0.125,1
3,BODRC,1,1,1,0.0625,1
4,BODRC,1,1,1,0.0625,1
5,BODRC,1,1,1,0.08333333,2
6,BODRC,1,1,1,0.0952381,2
7,BODRC,1,1,1,0.04444444,2
8,BODRC,1,1,1,0.04444444,2
9,BODRC,1,1,1,0.11111111,4
10,BODRC,1,1,1,0.17948718,7
11,BODRC,1,1,1,0,0
12,BODRC,1,1,1,0,0
13,BODRC,1,1,1,0,0
14,BODRC,1,1,1,0,0
15,BODRC,1,1,1,0.04545455,1
16,BODRC,1,1,1,0.22222222,6
17,BODRC,1,1,1,0.22222222,6
18,BODRC,1,1,1,0,0
19,BODRC,1,1,1,0,0
20,BODRC,1,1,1,0,0
21,BODRC,1,2,1,0,0
22,BODRC,1,2,1,0.04545455,1
23,BODRC,1,2,1,0.03703704,1
24,BODRC,1,2,1,0.06896552,2
25,BODRC,1,2,1,0.11111111,3
26,BODRC,1,2,1,0.11111111,3
27,BODRC,1,2,1,0.13333333,4
28,BODRC,1,2,1,0.05882353,1
29,BODRC,1,2,1,0.04545455,1
30,BODRC,1,2,1,0.03125,1
31,BODRC,1,2,1,0.04347826,1
32,BODRC,1,2,1,0.18518519,5
33,BODRC,1,2,1,0.16666667,4
34,BODRC,1,2,1,0.36842105,7
35,BODRC,1,2,1,0.52941176,9
36,BODRC,1,2,1,0.40740741,11
37,BODRC,1,2,1,0.32,8
38,BODRC,1,2,1,0.52380952,11
39,BODRC,1,2,1,0.56521739,13
40,BODRC,1,2,1,0.41666667,10
41,BODRC,1,3,1,0.24137931,7
42,BODRC,1,3,1,0.3125,10
43,BODRC,1,3,1,0.46153846,6
44,BODRC,1,3,1,0.10714286,3
45,BODRC,1,3,1,0.21428571,6
46,BODRC,1,3,1,0.07407407,2
47,BODRC,1,3,1,0.05,1
48,BODRC,1,3,1,0.2,5
49,BODRC,1,3,1,0.28571429,8
50,BODRC,1,3,1,0.2,7
51,BODRC,1,3,1,0.24324324,9
52,BODRC,1,3,1,0.61538462,16
53,BODRC,1,3,1,0.53571429,15
54,BODRC,1,3,1,0.4,12
55,BODRC,1,3,1,0.56666667,17
56,BODRC,1,3,1,0.58064516,18
57,BODRC,1,3,1,0.42307692,11
58,BODRC,1,3,1,0.59090909,13
59,BODRC,1,3,1,0.55555556,15
60,BODRC,1,3,1,0.38461538,15
1,BODRC,1,1,2,0.625,5
2,BODRC,1,1,2,0.625,5
3,BODRC,1,1,2,0.1875,3
4,BODRC,1,1,2,0.1875,3
5,BODRC,1,1,2,0.125,3
6,BODRC,1,1,2,0.190476191,4
7,BODRC,1,1,2,0.177777778,8
8,BODRC,1,1,2,0.177777778,8
9,BODRC,1,1,2,0.194444444,7
10,BODRC,1,1,2,0.538461539,21
11,BODRC,1,1,2,0.583333333,21
12,BODRC,1,1,2,0.482758621,14
13,BODRC,1,1,2,0.84,21
14,BODRC,1,1,2,0.523809524,11
15,BODRC,1,1,2,0.5,11
16,BODRC,1,1,2,0.518518519,14
17,BODRC,1,1,2,0.518518519,14
18,BODRC,1,1,2,0.807692308,21
19,BODRC,1,1,2,0.793103448,23
20,BODRC,1,1,2,0.516129032,16
21,BODRC,1,2,2,0.476190476,10
22,BODRC,1,2,2,0.454545455,10
23,BODRC,1,2,2,0.444444444,12
24,BODRC,1,2,2,0.586206897,17
25,BODRC,1,2,2,0.555555556,15
26,BODRC,1,2,2,0.555555556,15
27,BODRC,1,2,2,0.4,12
28,BODRC,1,2,2,0.764705882,13
29,BODRC,1,2,2,0.818181818,18
30,BODRC,1,2,2,0.78125,25
31,BODRC,1,2,2,0.739130435,17
32,BODRC,1,2,2,0.62962963,17
33,BODRC,1,2,2,0.541666667,13
34,BODRC,1,2,2,0.473684211,9
35,BODRC,1,2,2,0.352941177,6
36,BODRC,1,2,2,0.518518519,14
37,BODRC,1,2,2,0.48,12
38,BODRC,1,2,2,0.190476191,4
39,BODRC,1,2,2,0.173913044,4
40,BODRC,1,2,2,0.333333333,8
41,BODRC,1,3,2,0.655172414,19
42,BODRC,1,3,2,0.59375,19
43,BODRC,1,3,2,0.230769231,3
44,BODRC,1,3,2,0.642857143,18
45,BODRC,1,3,2,0.535714286,15
46,BODRC,1,3,2,0.592592593,16
47,BODRC,1,3,2,0.3,6
48,BODRC,1,3,2,0.48,12
49,BODRC,1,3,2,0.428571429,12
50,BODRC,1,3,2,0.657142857,23
51,BODRC,1,3,2,0.621621622,23
52,BODRC,1,3,2,0.192307692,5
53,BODRC,1,3,2,0.428571429,12
54,BODRC,1,3,2,0.5,15
55,BODRC,1,3,2,0.4,12
56,BODRC,1,3,2,0.387096774,12
57,BODRC,1,3,2,0.269230769,7
58,BODRC,1,3,2,0.227272727,5
59,BODRC,1,3,2,0.185185185,5
60,BODRC,1,3,2,0.487179487,19
1,BODRC,1,1,3,0.125,1
2,BODRC,1,1,3,0.125,1
3,BODRC,1,1,3,0.6875,11
4,BODRC,1,1,3,0.6875,11
5,BODRC,1,1,3,0.75,18
6,BODRC,1,1,3,0.619047619,13
7,BODRC,1,1,3,0.666666667,30
8,BODRC,1,1,3,0.666666667,30
9,BODRC,1,1,3,0.583333333,21
10,BODRC,1,1,3,0.102564103,4
11,BODRC,1,1,3,0.416666667,15
12,BODRC,1,1,3,0.517241379,15
13,BODRC,1,1,3,0.12,3
14,BODRC,1,1,3,0.380952381,8
15,BODRC,1,1,3,0.363636364,8
16,BODRC,1,1,3,0.148148148,4
17,BODRC,1,1,3,0.148148148,4
18,BODRC,1,1,3,0.192307692,5
19,BODRC,1,1,3,0.206896552,6
20,BODRC,1,1,3,0.419354839,13
21,BODRC,1,2,3,0.523809524,11
22,BODRC,1,2,3,0.5,11
23,BODRC,1,2,3,0.518518519,14
24,BODRC,1,2,3,0.206896552,6
25,BODRC,1,2,3,0.185185185,5
26,BODRC,1,2,3,0.185185185,5
27,BODRC,1,2,3,0.333333333,10
28,BODRC,1,2,3,0.176470588,3
29,BODRC,1,2,3,0.136363636,3
30,BODRC,1,2,3,0.1875,6
31,BODRC,1,2,3,0.217391304,5
32,BODRC,1,2,3,0.185185185,5
33,BODRC,1,2,3,0.25,6
34,BODRC,1,2,3,0.157894737,3
35,BODRC,1,2,3,0.058823529,1
36,BODRC,1,2,3,0.037037037,1
37,BODRC,1,2,3,0.12,3
38,BODRC,1,2,3,0.190476191,4
39,BODRC,1,2,3,0.173913044,4
40,BODRC,1,2,3,0.166666667,4
41,BODRC,1,3,3,0.068965517,2
42,BODRC,1,3,3,0.0625,2
43,BODRC,1,3,3,0.230769231,3
44,BODRC,1,3,3,0.214285714,6
45,BODRC,1,3,3,0.214285714,6
46,BODRC,1,3,3,0.259259259,7
47,BODRC,1,3,3,0.45,9
48,BODRC,1,3,3,0.28,7
49,BODRC,1,3,3,0.25,7
50,BODRC,1,3,3,0.057142857,2
51,BODRC,1,3,3,0.054054054,2
52,BODRC,1,3,3,0.192307692,5
53,BODRC,1,3,3,0,0
54,BODRC,1,3,3,0.1,3
55,BODRC,1,3,3,0.033333333,1
56,BODRC,1,3,3,0.032258065,1
57,BODRC,1,3,3,0.269230769,7
58,BODRC,1,3,3,0.136363636,3
59,BODRC,1,3,3,0.222222222,6
60,BODRC,1,3,3,0.102564103,4
1,BODRC,1,1,4,0.125,1
2,BODRC,1,1,4,0.125,1
3,BODRC,1,1,4,0.0625,1
4,BODRC,1,1,4,0.0625,1
5,BODRC,1,1,4,0.041666667,1
6,BODRC,1,1,4,0.095238095,2
7,BODRC,1,1,4,0.111111111,5
8,BODRC,1,1,4,0.111111111,5
9,BODRC,1,1,4,0.111111111,4
10,BODRC,1,1,4,0.17948718,7
11,BODRC,1,1,4,0,0
12,BODRC,1,1,4,0,0
13,BODRC,1,1,4,0.04,1
14,BODRC,1,1,4,0.095238095,2
15,BODRC,1,1,4,0.090909091,2
16,BODRC,1,1,4,0.111111111,3
17,BODRC,1,1,4,0.111111111,3
18,BODRC,1,1,4,0,0
19,BODRC,1,1,4,0,0
20,BODRC,1,1,4,0.064516129,2
21,BODRC,1,2,4,0,0
22,BODRC,1,2,4,0,0
23,BODRC,1,2,4,0,0
24,BODRC,1,2,4,0.137931035,4
25,BODRC,1,2,4,0.148148148,4
26,BODRC,1,2,4,0.148148148,4
27,BODRC,1,2,4,0.133333333,4
28,BODRC,1,2,4,0,0
29,BODRC,1,2,4,0,0
30,BODRC,1,2,4,0,0
31,BODRC,1,2,4,0,0
32,BODRC,1,2,4,0,0
33,BODRC,1,2,4,0.041666667,1
34,BODRC,1,2,4,0,0
35,BODRC,1,2,4,0.058823529,1
36,BODRC,1,2,4,0.037037037,1
37,BODRC,1,2,4,0.08,2
38,BODRC,1,2,4,0.095238095,2
39,BODRC,1,2,4,0.086956522,2
40,BODRC,1,2,4,0.083333333,2
41,BODRC,1,3,4,0.034482759,1
42,BODRC,1,3,4,0.03125,1
43,BODRC,1,3,4,0.076923077,1
44,BODRC,1,3,4,0.035714286,1
45,BODRC,1,3,4,0.035714286,1
46,BODRC,1,3,4,0.074074074,2
47,BODRC,1,3,4,0.2,4
48,BODRC,1,3,4,0.04,1
49,BODRC,1,3,4,0.035714286,1
50,BODRC,1,3,4,0.085714286,3
51,BODRC,1,3,4,0.081081081,3
52,BODRC,1,3,4,0,0
53,BODRC,1,3,4,0.035714286,1
54,BODRC,1,3,4,0,0
55,BODRC,1,3,4,0,0
56,BODRC,1,3,4,0,0
57,BODRC,1,3,4,0.038461538,1
58,BODRC,1,3,4,0.045454545,1
59,BODRC,1,3,4,0.037037037,1
60,BODRC,1,3,4,0.025641026,1
1,FORVR,2,1,1,0,0
2,FORVR,2,1,1,0,0
3,FORVR,2,1,1,0,0
4,FORVR,2,1,1,0,0
5,FORVR,2,1,1,0,0
6,FORVR,2,1,1,0,0
7,FORVR,2,1,1,0,0
8,FORVR,2,1,1,0,0
9,FORVR,2,1,1,0,0
10,FORVR,2,1,1,0,0
11,FORVR,2,1,1,0,0
12,FORVR,2,1,1,0,0
13,FORVR,2,1,1,0,0
14,FORVR,2,1,1,0,0
15,FORVR,2,1,1,0,0
16,FORVR,2,1,1,0,0
17,FORVR,2,1,1,0,0
18,FORVR,2,1,1,0,0
19,FORVR,2,1,1,0,0
20,FORVR,2,1,1,0,0
21,FORVR,2,2,1,0,0
22,FORVR,2,2,1,0,0
23,FORVR,2,2,1,0,0
24,FORVR,2,2,1,0,0
25,FORVR,2,2,1,0,0
26,FORVR,2,2,1,0,0
27,FORVR,2,2,1,0,0
28,FORVR,2,2,1,0,0
29,FORVR,2,2,1,0,0
30,FORVR,2,2,1,0,0
31,FORVR,2,2,1,0,0
32,FORVR,2,2,1,0,0
33,FORVR,2,2,1,0,0
34,FORVR,2,2,1,0,0
35,FORVR,2,2,1,0,0
36,FORVR,2,2,1,0,0
37,FORVR,2,2,1,0,0
38,FORVR,2,2,1,0,0
39,FORVR,2,2,1,0,0
40,FORVR,2,2,1,0,0
41,FORVR,2,3,1,0,0
42,FORVR,2,3,1,0,0
43,FORVR,2,3,1,0,0
44,FORVR,2,3,1,0,0
45,FORVR,2,3,1,0,0
46,FORVR,2,3,1,0,0
47,FORVR,2,3,1,0,0
48,FORVR,2,3,1,0,0
49,FORVR,2,3,1,0,0
50,FORVR,2,3,1,0,0
51,FORVR,2,3,1,0,0
52,FORVR,2,3,1,0,0
53,FORVR,2,3,1,0,0
54,FORVR,2,3,1,0,0
55,FORVR,2,3,1,0,0
56,FORVR,2,3,1,0,0
57,FORVR,2,3,1,0,0
58,FORVR,2,3,1,0,0
59,FORVR,2,3,1,0,0
60,FORVR,2,3,1,0,0
1,FORVR,2,1,2,0,0
2,FORVR,2,1,2,0,0
3,FORVR,2,1,2,0,0
4,FORVR,2,1,2,0,0
5,FORVR,2,1,2,0,0
6,FORVR,2,1,2,0,0
7,FORVR,2,1,2,0,0
8,FORVR,2,1,2,0,0
9,FORVR,2,1,2,0,0
10,FORVR,2,1,2,0,0
11,FORVR,2,1,2,0,0
12,FORVR,2,1,2,0,0
13,FORVR,2,1,2,0,0
14,FORVR,2,1,2,0,0
15,FORVR,2,1,2,0,0
16,FORVR,2,1,2,0,0
17,FORVR,2,1,2,0,0
18,FORVR,2,1,2,0,0
19,FORVR,2,1,2,0,0
20,FORVR,2,1,2,0,0
21,FORVR,2,2,2,0,0
22,FORVR,2,2,2,0,0
23,FORVR,2,2,2,0,0
24,FORVR,2,2,2,0,0
25,FORVR,2,2,2,0,0
26,FORVR,2,2,2,0,0
27,FORVR,2,2,2,0,0
28,FORVR,2,2,2,0,0
29,FORVR,2,2,2,0,0
30,FORVR,2,2,2,0,0
31,FORVR,2,2,2,0,0
32,FORVR,2,2,2,0,0
33,FORVR,2,2,2,0,0
34,FORVR,2,2,2,0,0
35,FORVR,2,2,2,0,0
36,FORVR,2,2,2,0,0
37,FORVR,2,2,2,0,0
38,FORVR,2,2,2,0,0
39,FORVR,2,2,2,0,0
40,FORVR,2,2,2,0,0
41,FORVR,2,3,2,0,0
42,FORVR,2,3,2,0,0
43,FORVR,2,3,2,0,0
44,FORVR,2,3,2,0,0
45,FORVR,2,3,2,0,0
46,FORVR,2,3,2,0,0
47,FORVR,2,3,2,0,0
48,FORVR,2,3,2,0,0
49,FORVR,2,3,2,0,0
50,FORVR,2,3,2,0,0
51,FORVR,2,3,2,0,0
52,FORVR,2,3,2,0,0
53,FORVR,2,3,2,0,0
54,FORVR,2,3,2,0,0
55,FORVR,2,3,2,0,0
56,FORVR,2,3,2,0,0
57,FORVR,2,3,2,0,0
58,FORVR,2,3,2,0,0
59,FORVR,2,3,2,0,0
60,FORVR,2,3,2,0,0
1,FORVR,2,1,3,0.133333333,2
2,FORVR,2,1,3,0.095238095,2
3,FORVR,2,1,3,0,0
4,FORVR,2,1,3,0,0
5,FORVR,2,1,3,0,0
6,FORVR,2,1,3,0,0
7,FORVR,2,1,3,0,0
8,FORVR,2,1,3,0,0
9,FORVR,2,1,3,0,0
10,FORVR,2,1,3,0,0
11,FORVR,2,1,3,0,0
12,FORVR,2,1,3,0,0
13,FORVR,2,1,3,0,0
14,FORVR,2,1,3,0,0
15,FORVR,2,1,3,0,0
16,FORVR,2,1,3,0,0
17,FORVR,2,1,3,0,0
18,FORVR,2,1,3,0,0
19,FORVR,2,1,3,0,0
20,FORVR,2,1,3,0,0
21,FORVR,2,2,3,0,0
22,FORVR,2,2,3,0,0
23,FORVR,2,2,3,0,0
24,FORVR,2,2,3,0,0
25,FORVR,2,2,3,0,0
26,FORVR,2,2,3,0,0
27,FORVR,2,2,3,0,0
28,FORVR,2,2,3,0,0
29,FORVR,2,2,3,0,0
30,FORVR,2,2,3,0,0
31,FORVR,2,2,3,0,0
32,FORVR,2,2,3,0,0
33,FORVR,2,2,3,0,0
34,FORVR,2,2,3,0,0
35,FORVR,2,2,3,0,0
36,FORVR,2,2,3,0,0
37,FORVR,2,2,3,0,0
38,FORVR,2,2,3,0,0
39,FORVR,2,2,3,0,0
40,FORVR,2,2,3,0,0
41,FORVR,2,3,3,0,0
42,FORVR,2,3,3,0,0
43,FORVR,2,3,3,0,0
44,FORVR,2,3,3,0,0
45,FORVR,2,3,3,0,0
46,FORVR,2,3,3,0,0
47,FORVR,2,3,3,0,0
48,FORVR,2,3,3,0,0
49,FORVR,2,3,3,0,0
50,FORVR,2,3,3,0,0
51,FORVR,2,3,3,0,0
52,FORVR,2,3,3,0,0
53,FORVR,2,3,3,0,0
54,FORVR,2,3,3,0,0
55,FORVR,2,3,3,0,0
56,FORVR,2,3,3,0,0
57,FORVR,2,3,3,0,0
58,FORVR,2,3,3,0,0
59,FORVR,2,3,3,0,0
60,FORVR,2,3,3,0,0
1,FORVR,2,1,4,0.866666667,13
2,FORVR,2,1,4,0.904761905,19
3,FORVR,2,1,4,1,16
4,FORVR,2,1,4,1,23
5,FORVR,2,1,4,1,23
6,FORVR,2,1,4,0,0
7,FORVR,2,1,4,0,0
8,FORVR,2,1,4,0,0
9,FORVR,2,1,4,0,0
10,FORVR,2,1,4,0,0
11,FORVR,2,1,4,0,0
12,FORVR,2,1,4,0,0
13,FORVR,2,1,4,0,0
14,FORVR,2,1,4,0,0
15,FORVR,2,1,4,0,0
16,FORVR,2,1,4,0,0
17,FORVR,2,1,4,0,0
18,FORVR,2,1,4,0,0
19,FORVR,2,1,4,0,0
20,FORVR,2,1,4,0,0
21,FORVR,2,2,4,0,0
22,FORVR,2,2,4,0,0
23,FORVR,2,2,4,0,0
24,FORVR,2,2,4,0,0
25,FORVR,2,2,4,0,0
26,FORVR,2,2,4,0,0
27,FORVR,2,2,4,1,1
28,FORVR,2,2,4,1,1
29,FORVR,2,2,4,1,1
30,FORVR,2,2,4,1,10
31,FORVR,2,2,4,1,12
32,FORVR,2,2,4,1,14
33,FORVR,2,2,4,1,14
34,FORVR,2,2,4,1,15
35,FORVR,2,2,4,1,4
36,FORVR,2,2,4,1,15
37,FORVR,2,2,4,1,9
38,FORVR,2,2,4,1,8
39,FORVR,2,2,4,1,9
40,FORVR,2,2,4,1,10
41,FORVR,2,3,4,1,7
42,FORVR,2,3,4,1,4
43,FORVR,2,3,4,1,11
44,FORVR,2,3,4,1,4
45,FORVR,2,3,4,1,7
46,FORVR,2,3,4,1,2
47,FORVR,2,3,4,1,2
48,FORVR,2,3,4,1,4
49,FORVR,2,3,4,1,8
50,FORVR,2,3,4,1,2
51,FORVR,2,3,4,1,1
52,FORVR,2,3,4,1,4
53,FORVR,2,3,4,1,7
54,FORVR,2,3,4,1,7
55,FORVR,2,3,4,1,6
56,FORVR,2,3,4,1,8
57,FORVR,2,3,4,1,6
58,FORVR,2,3,4,1,7
59,FORVR,2,3,4,1,10
60,FORVR,2,3,4,1,8
1,GPSFL,3,1,1,1,2
2,GPSFL,3,1,1,1,2
3,GPSFL,3,1,1,0.714285714,5
4,GPSFL,3,1,1,1,5
5,GPSFL,3,1,1,1,8
6,GPSFL,3,1,1,0.090909091,1
7,GPSFL,3,1,1,0.04,1
8,GPSFL,3,1,1,0.083333333,1
9,GPSFL,3,1,1,0.052631579,1
10,GPSFL,3,1,1,0,0
11,GPSFL,3,1,1,0.04,1
12,GPSFL,3,1,1,0.4,4
13,GPSFL,3,1,1,0.230769231,3
14,GPSFL,3,1,1,0.266666667,8
15,GPSFL,3,1,1,0.25,6
16,GPSFL,3,1,1,0.104166667,5
17,GPSFL,3,1,1,0.096774194,3
18,GPSFL,3,1,1,0.1,3
19,GPSFL,3,1,1,,
20,GPSFL,3,1,1,,
21,GPSFL,3,2,1,0,0
22,GPSFL,3,2,1,0,0
23,GPSFL,3,2,1,0,0
24,GPSFL,3,2,1,0,0
25,GPSFL,3,2,1,0,0
26,GPSFL,3,2,1,0,0
27,GPSFL,3,2,1,0,0
28,GPSFL,3,2,1,0,0
29,GPSFL,3,2,1,0,0
30,GPSFL,3,2,1,0,0
31,GPSFL,3,2,1,0,0
32,GPSFL,3,2,1,0,0
33,GPSFL,3,2,1,0,0
34,GPSFL,3,2,1,0,0
35,GPSFL,3,2,1,0,0
36,GPSFL,3,2,1,0,0
37,GPSFL,3,2,1,0,0
38,GPSFL,3,2,1,0,0
39,GPSFL,3,2,1,,
40,GPSFL,3,2,1,,
41,GPSFL,3,3,1,0,0
42,GPSFL,3,3,1,0,0
43,GPSFL,3,3,1,0,0
44,GPSFL,3,3,1,0,0
45,GPSFL,3,3,1,0,0
46,GPSFL,3,3,1,0,0
47,GPSFL,3,3,1,0,0
48,GPSFL,3,3,1,0,0
49,GPSFL,3,3,1,0,0
50,GPSFL,3,3,1,0,0
51,GPSFL,3,3,1,0,0
52,GPSFL,3,3,1,0,0
53,GPSFL,3,3,1,0,0
54,GPSFL,3,3,1,0,0
55,GPSFL,3,3,1,0,0
56,GPSFL,3,3,1,0,0
57,GPSFL,3,3,1,0,0
58,GPSFL,3,3,1,0,0
59,GPSFL,3,3,1,0,0
60,GPSFL,3,3,1,0,0
1,GPSFL,3,1,2,0,0
2,GPSFL,3,1,2,0,0
3,GPSFL,3,1,2,0.285714286,2
4,GPSFL,3,1,2,0,0
5,GPSFL,3,1,2,0,0
6,GPSFL,3,1,2,0.090909091,1
7,GPSFL,3,1,2,0,0
8,GPSFL,3,1,2,0.333333333,4
9,GPSFL,3,1,2,0.105263158,2
10,GPSFL,3,1,2,0.111111111,2
11,GPSFL,3,1,2,0.08,2
12,GPSFL,3,1,2,0.6,6
13,GPSFL,3,1,2,0,0
14,GPSFL,3,1,2,0.3,9
15,GPSFL,3,1,2,0.208333333,5
16,GPSFL,3,1,2,0.104166667,5
17,GPSFL,3,1,2,0.129032258,4
18,GPSFL,3,1,2,0.166666667,5
19,GPSFL,3,1,2,,
20,GPSFL,3,1,2,,
21,GPSFL,3,2,2,0,0
22,GPSFL,3,2,2,0,0
23,GPSFL,3,2,2,0,0
24,GPSFL,3,2,2,0,0
25,GPSFL,3,2,2,0,0
26,GPSFL,3,2,2,0,0
27,GPSFL,3,2,2,0,0
28,GPSFL,3,2,2,0,0
29,GPSFL,3,2,2,0,0
30,GPSFL,3,2,2,0.076923077,2
31,GPSFL,3,2,2,0,0
32,GPSFL,3,2,2,0,0
33,GPSFL,3,2,2,0,0
34,GPSFL,3,2,2,0,0
35,GPSFL,3,2,2,0,0
36,GPSFL,3,2,2,0,0
37,GPSFL,3,2,2,0,0
38,GPSFL,3,2,2,0,0
39,GPSFL,3,2,2,,
40,GPSFL,3,2,2,,
41,GPSFL,3,3,2,0,0
42,GPSFL,3,3,2,0,0
43,GPSFL,3,3,2,0,0
44,GPSFL,3,3,2,0,0
45,GPSFL,3,3,2,0,0
46,GPSFL,3,3,2,0,0
47,GPSFL,3,3,2,0,0
48,GPSFL,3,3,2,0,0
49,GPSFL,3,3,2,0,0
50,GPSFL,3,3,2,0,0
51,GPSFL,3,3,2,0,0
52,GPSFL,3,3,2,0,0
53,GPSFL,3,3,2,0,0
54,GPSFL,3,3,2,0,0
55,GPSFL,3,3,2,0,0
56,GPSFL,3,3,2,0,0
57,GPSFL,3,3,2,0,0
58,GPSFL,3,3,2,0,0
59,GPSFL,3,3,2,0,0
60,GPSFL,3,3,2,0,0
1,GPSFL,3,1,3,0,0
2,GPSFL,3,1,3,0,0
3,GPSFL,3,1,3,0,0
4,GPSFL,3,1,3,0,0
5,GPSFL,3,1,3,0,0
6,GPSFL,3,1,3,0.818181818,9
7,GPSFL,3,1,3,0,0
8,GPSFL,3,1,3,0.25,3
9,GPSFL,3,1,3,0.052631579,1
10,GPSFL,3,1,3,0.222222222,4
11,GPSFL,3,1,3,0.16,4
12,GPSFL,3,1,3,0,0
13,GPSFL,3,1,3,0,0
14,GPSFL,3,1,3,0,0
15,GPSFL,3,1,3,0,0
16,GPSFL,3,1,3,0.020833333,1
17,GPSFL,3,1,3,0.032258065,1
18,GPSFL,3,1,3,0,0
19,GPSFL,3,1,3,,
20,GPSFL,3,1,3,,
21,GPSFL,3,2,3,0,0
22,GPSFL,3,2,3,0,0
23,GPSFL,3,2,3,0.236842105,9
24,GPSFL,3,2,3,0.1875,3
25,GPSFL,3,2,3,0.142857143,4
26,GPSFL,3,2,3,0,0
27,GPSFL,3,2,3,0,0
28,GPSFL,3,2,3,0,0
29,GPSFL,3,2,3,0,0
30,GPSFL,3,2,3,0,0
31,GPSFL,3,2,3,0,0
32,GPSFL,3,2,3,0,0
33,GPSFL,3,2,3,0,0
34,GPSFL,3,2,3,0,0
35,GPSFL,3,2,3,0,0
36,GPSFL,3,2,3,0,0
37,GPSFL,3,2,3,0,0
38,GPSFL,3,2,3,0.323529412,11
39,GPSFL,3,2,3,,
40,GPSFL,3,2,3,,
41,GPSFL,3,3,3,0,0
42,GPSFL,3,3,3,0,0
43,GPSFL,3,3,3,0.023255814,1
44,GPSFL,3,3,3,0,0
45,GPSFL,3,3,3,0,0
46,GPSFL,3,3,3,0,0
47,GPSFL,3,3,3,0,0
48,GPSFL,3,3,3,0,0
49,GPSFL,3,3,3,0,0
50,GPSFL,3,3,3,0,0
51,GPSFL,3,3,3,0,0
52,GPSFL,3,3,3,0,0
53,GPSFL,3,3,3,0,0
54,GPSFL,3,3,3,0,0
55,GPSFL,3,3,3,0,0
56,GPSFL,3,3,3,0,0
57,GPSFL,3,3,3,0,0
58,GPSFL,3,3,3,0,0
59,GPSFL,3,3,3,0,0
60,GPSFL,3,3,3,0,0
1,GPSFL,3,1,4,0,0
2,GPSFL,3,1,4,0,0
3,GPSFL,3,1,4,0,0
4,GPSFL,3,1,4,0,0
5,GPSFL,3,1,4,0,0
6,GPSFL,3,1,4,0,0
7,GPSFL,3,1,4,0.96,24
8,GPSFL,3,1,4,0.333333333,4
9,GPSFL,3,1,4,0.789473684,15
10,GPSFL,3,1,4,0.666666667,12
11,GPSFL,3,1,4,0.72,18
12,GPSFL,3,1,4,0,0
13,GPSFL,3,1,4,0.769230769,10
14,GPSFL,3,1,4,0.433333333,13
15,GPSFL,3,1,4,0.541666667,13
16,GPSFL,3,1,4,0.770833333,37
17,GPSFL,3,1,4,0.741935484,23
18,GPSFL,3,1,4,0.733333333,22
19,GPSFL,3,1,4,,
20,GPSFL,3,1,4,,
21,GPSFL,3,2,4,1,46
22,GPSFL,3,2,4,1,51
23,GPSFL,3,2,4,0.763157895,29
24,GPSFL,3,2,4,0.8125,13
25,GPSFL,3,2,4,0.857142857,24
26,GPSFL,3,2,4,1,22
27,GPSFL,3,2,4,1,21
28,GPSFL,3,2,4,1,24
29,GPSFL,3,2,4,1,26
30,GPSFL,3,2,4,0.923076923,24
31,GPSFL,3,2,4,1,21
32,GPSFL,3,2,4,1,25
33,GPSFL,3,2,4,1,29
34,GPSFL,3,2,4,1,42
35,GPSFL,3,2,4,1,28
36,GPSFL,3,2,4,1,30
37,GPSFL,3,2,4,1,22
38,GPSFL,3,2,4,0.676470588,23
39,GPSFL,3,2,4,,
40,GPSFL,3,2,4,,
41,GPSFL,3,3,4,1,32
42,GPSFL,3,3,4,1,41
43,GPSFL,3,3,4,0.976744186,42
44,GPSFL,3,3,4,1,40
45,GPSFL,3,3,4,1,40
46,GPSFL,3,3,4,1,27
47,GPSFL,3,3,4,1,32
48,GPSFL,3,3,4,1,23
49,GPSFL,3,3,4,1,20
50,GPSFL,3,3,4,1,26
51,GPSFL,3,3,4,1,19
52,GPSFL,3,3,4,1,39
53,GPSFL,3,3,4,1,39
54,GPSFL,3,3,4,1,27
55,GPSFL,3,3,4,1,13
56,GPSFL,3,3,4,1,45
57,GPSFL,3,3,4,1,39
58,GPSFL,3,3,4,1,44
59,GPSFL,3,3,4,1,35
60,GPSFL,3,3,4,1,47
1,SMPRK,4,1,1,0,0
2,SMPRK,4,1,1,0,0
3,SMPRK,4,1,1,0,0
4,SMPRK,4,1,1,0,0
5,SMPRK,4,1,1,0,0
6,SMPRK,4,1,1,0,0
7,SMPRK,4,1,1,0,0
8,SMPRK,4,1,1,0,0
9,SMPRK,4,1,1,0,0
10,SMPRK,4,1,1,0,0
11,SMPRK,4,1,1,0,0
12,SMPRK,4,1,1,0,0
13,SMPRK,4,1,1,0,0
14,SMPRK,4,1,1,0,0
15,SMPRK,4,1,1,0,0
16,SMPRK,4,1,1,0,0
17,SMPRK,4,1,1,0,0
18,SMPRK,4,1,1,0,0
19,SMPRK,4,1,1,0,0
20,SMPRK,4,1,1,0,0
21,SMPRK,4,2,1,0,0
22,SMPRK,4,2,1,0,0
23,SMPRK,4,2,1,0,0
24,SMPRK,4,2,1,0,0
25,SMPRK,4,2,1,0,0
26,SMPRK,4,2,1,0,0
27,SMPRK,4,2,1,0,0
28,SMPRK,4,2,1,0,0
29,SMPRK,4,2,1,0,0
30,SMPRK,4,2,1,0,0
31,SMPRK,4,2,1,0,0
32,SMPRK,4,2,1,0,0
33,SMPRK,4,2,1,0,0
34,SMPRK,4,2,1,0,0
35,SMPRK,4,2,1,0,0
36,SMPRK,4,2,1,0,0
37,SMPRK,4,2,1,0,0
38,SMPRK,4,2,1,0,0
39,SMPRK,4,2,1,0,0
40,SMPRK,4,2,1,0,0
41,SMPRK,4,3,1,0,0
42,SMPRK,4,3,1,0,0
43,SMPRK,4,3,1,0,0
44,SMPRK,4,3,1,0,0
45,SMPRK,4,3,1,0,0
46,SMPRK,4,3,1,0,0
47,SMPRK,4,3,1,0,0
48,SMPRK,4,3,1,0,0
49,SMPRK,4,3,1,0,0
50,SMPRK,4,3,1,0,0
51,SMPRK,4,3,1,0,0
52,SMPRK,4,3,1,0,0
53,SMPRK,4,3,1,0,0
54,SMPRK,4,3,1,0,0
55,SMPRK,4,3,1,0,0
56,SMPRK,4,3,1,0,0
57,SMPRK,4,3,1,0,0
58,SMPRK,4,3,1,0,0
59,SMPRK,4,3,1,0,0
60,SMPRK,4,3,1,0,0
1,SMPRK,4,1,2,0,0
2,SMPRK,4,1,2,0,0
3,SMPRK,4,1,2,0,0
4,SMPRK,4,1,2,0,0
5,SMPRK,4,1,2,0,0
6,SMPRK,4,1,2,0,0
7,SMPRK,4,1,2,0,0
8,SMPRK,4,1,2,0,0
9,SMPRK,4,1,2,0,0
10,SMPRK,4,1,2,0,0
11,SMPRK,4,1,2,0,0
12,SMPRK,4,1,2,0,0
13,SMPRK,4,1,2,0,0
14,SMPRK,4,1,2,0,0
15,SMPRK,4,1,2,0,0
16,SMPRK,4,1,2,0,0
17,SMPRK,4,1,2,0,0
18,SMPRK,4,1,2,0,0
19,SMPRK,4,1,2,0,0
20,SMPRK,4,1,2,0,0
21,SMPRK,4,2,2,0,0
22,SMPRK,4,2,2,0.0625,1
23,SMPRK,4,2,2,0.117647059,2
24,SMPRK,4,2,2,0.117647059,2
25,SMPRK,4,2,2,0,0
26,SMPRK,4,2,2,0,0
27,SMPRK,4,2,2,0,0
28,SMPRK,4,2,2,0,0
29,SMPRK,4,2,2,0,0
30,SMPRK,4,2,2,0,0
31,SMPRK,4,2,2,0,0
32,SMPRK,4,2,2,0,0
33,SMPRK,4,2,2,0,0
34,SMPRK,4,2,2,0,0
35,SMPRK,4,2,2,0,0
36,SMPRK,4,2,2,0,0
37,SMPRK,4,2,2,0,0
38,SMPRK,4,2,2,0,0
39,SMPRK,4,2,2,0,0
40,SMPRK,4,2,2,0,0
41,SMPRK,4,3,2,0,0
42,SMPRK,4,3,2,0,0
43,SMPRK,4,3,2,0,0
44,SMPRK,4,3,2,0,0
45,SMPRK,4,3,2,0,0
46,SMPRK,4,3,2,0,0
47,SMPRK,4,3,2,0,0
48,SMPRK,4,3,2,0,0
49,SMPRK,4,3,2,0,0
50,SMPRK,4,3,2,0,0
51,SMPRK,4,3,2,0,0
52,SMPRK,4,3,2,0,0
53,SMPRK,4,3,2,0,0
54,SMPRK,4,3,2,0,0
55,SMPRK,4,3,2,0,0
56,SMPRK,4,3,2,0,0
57,SMPRK,4,3,2,0,0
58,SMPRK,4,3,2,0,0
59,SMPRK,4,3,2,0,0
60,SMPRK,4,3,2,0,0
1,SMPRK,4,1,3,0,0
2,SMPRK,4,1,3,0,0
3,SMPRK,4,1,3,0,0
4,SMPRK,4,1,3,0,0
5,SMPRK,4,1,3,0,0
6,SMPRK,4,1,3,0,0
7,SMPRK,4,1,3,0,0
8,SMPRK,4,1,3,0,0
9,SMPRK,4,1,3,0,0
10,SMPRK,4,1,3,0,0
11,SMPRK,4,1,3,0,0
12,SMPRK,4,1,3,0,0
13,SMPRK,4,1,3,1,15
14,SMPRK,4,1,3,1,15
15,SMPRK,4,1,3,1,15
16,SMPRK,4,1,3,0,0
17,SMPRK,4,1,3,0,0
18,SMPRK,4,1,3,0.266666667,4
19,SMPRK,4,1,3,0.266666667,4
20,SMPRK,4,1,3,0.266666667,4
21,SMPRK,4,2,3,0.2,3
22,SMPRK,4,2,3,0.0625,1
23,SMPRK,4,2,3,0,0
24,SMPRK,4,2,3,0,0
25,SMPRK,4,2,3,0,0
26,SMPRK,4,2,3,0,0
27,SMPRK,4,2,3,0,0
28,SMPRK,4,2,3,0,0
29,SMPRK,4,2,3,0,0
30,SMPRK,4,2,3,0,0
31,SMPRK,4,2,3,0,0
32,SMPRK,4,2,3,0,0
33,SMPRK,4,2,3,0,0
34,SMPRK,4,2,3,0,0
35,SMPRK,4,2,3,0,0
36,SMPRK,4,2,3,0,0
37,SMPRK,4,2,3,0,0
38,SMPRK,4,2,3,0,0
39,SMPRK,4,2,3,0,0
40,SMPRK,4,2,3,0,0
41,SMPRK,4,3,3,0,0
42,SMPRK,4,3,3,0,0
43,SMPRK,4,3,3,0,0
44,SMPRK,4,3,3,0,0
45,SMPRK,4,3,3,0,0
46,SMPRK,4,3,3,0,0
47,SMPRK,4,3,3,0,0
48,SMPRK,4,3,3,0,0
49,SMPRK,4,3,3,0,0
50,SMPRK,4,3,3,0,0
51,SMPRK,4,3,3,0,0
52,SMPRK,4,3,3,0,0
53,SMPRK,4,3,3,0,0
54,SMPRK,4,3,3,0,0
55,SMPRK,4,3,3,0,0
56,SMPRK,4,3,3,0,0
57,SMPRK,4,3,3,0,0
58,SMPRK,4,3,3,0,0
59,SMPRK,4,3,3,0,0
60,SMPRK,4,3,3,0,0
1,SMPRK,4,1,4,1,15
2,SMPRK,4,1,4,1,14
3,SMPRK,4,1,4,1,15
4,SMPRK,4,1,4,1,15
5,SMPRK,4,1,4,1,15
6,SMPRK,4,1,4,1,15
7,SMPRK,4,1,4,1,15
8,SMPRK,4,1,4,1,15
9,SMPRK,4,1,4,1,15
10,SMPRK,4,1,4,1,15
11,SMPRK,4,1,4,1,15
12,SMPRK,4,1,4,1,15
13,SMPRK,4,1,4,0,0
14,SMPRK,4,1,4,0,0
15,SMPRK,4,1,4,0,0
16,SMPRK,4,1,4,1,15
17,SMPRK,4,1,4,1,5
18,SMPRK,4,1,4,0.733333333,11
19,SMPRK,4,1,4,0.733333333,11
20,SMPRK,4,1,4,0.733333333,11
21,SMPRK,4,2,4,0.8,12
22,SMPRK,4,2,4,0.875,14
23,SMPRK,4,2,4,0.882352941,15
24,SMPRK,4,2,4,0.882352941,15
25,SMPRK,4,2,4,1,20
26,SMPRK,4,2,4,1,20
27,SMPRK,4,2,4,1,20
28,SMPRK,4,2,4,1,20
29,SMPRK,4,2,4,1,20
30,SMPRK,4,2,4,1,4
31,SMPRK,4,2,4,1,4
32,SMPRK,4,2,4,1,4
33,SMPRK,4,2,4,1,4
34,SMPRK,4,2,4,1,4
35,SMPRK,4,2,4,1,4
36,SMPRK,4,2,4,1,4
37,SMPRK,4,2,4,1,4
38,SMPRK,4,2,4,1,4
39,SMPRK,4,2,4,1,2
40,SMPRK,4,2,4,1,3
41,SMPRK,4,3,4,1,3
42,SMPRK,4,3,4,1,4
43,SMPRK,4,3,4,1,4
44,SMPRK,4,3,4,1,1
45,SMPRK,4,3,4,1,2
46,SMPRK,4,3,4,1,4
47,SMPRK,4,3,4,1,4
48,SMPRK,4,3,4,1,4
49,SMPRK,4,3,4,1,4
50,SMPRK,4,3,4,1,4
51,SMPRK,4,3,4,1,4
52,SMPRK,4,3,4,1,4
53,SMPRK,4,3,4,1,4
54,SMPRK,4,3,4,1,4
55,SMPRK,4,3,4,1,4
56,SMPRK,4,3,4,1,4
57,SMPRK,4,3,4,1,4
58,SMPRK,4,3,4,1,4
59,SMPRK,4,3,4,1,4
60,SMPRK,4,3,4,1,4
1,GPTNL,5,1,1,0,0
2,GPTNL,5,1,1,0,0
3,GPTNL,5,1,1,0,0
4,GPTNL,5,1,1,0,0
5,GPTNL,5,1,1,0,0
6,GPTNL,5,1,1,0.666666667,4
7,GPTNL,5,1,1,1,4
8,GPTNL,5,1,1,0,0
9,GPTNL,5,1,1,0,0
10,GPTNL,5,1,1,0.75,3
11,GPTNL,5,1,1,0.666666667,4
12,GPTNL,5,1,1,0.666666667,4
13,GPTNL,5,1,1,0.666666667,4
14,GPTNL,5,1,1,0.2,1
15,GPTNL,5,1,1,0,0
16,GPTNL,5,1,1,0,0
17,GPTNL,5,1,1,0,0
18,GPTNL,5,1,1,0,0
19,GPTNL,5,1,1,0,0
20,GPTNL,5,1,1,0,0
21,GPTNL,5,2,1,0,0
22,GPTNL,5,2,1,0,0
23,GPTNL,5,2,1,0,0
24,GPTNL,5,2,1,0,0
25,GPTNL,5,2,1,0,0
26,GPTNL,5,2,1,0,0
27,GPTNL,5,2,1,0,0
28,GPTNL,5,2,1,0,0
29,GPTNL,5,2,1,0,0
30,GPTNL,5,2,1,0,0
31,GPTNL,5,2,1,0,0
32,GPTNL,5,2,1,0,0
33,GPTNL,5,2,1,0,0
34,GPTNL,5,2,1,0,0
35,GPTNL,5,2,1,0,0
36,GPTNL,5,2,1,0,0
37,GPTNL,5,2,1,0,0
38,GPTNL,5,2,1,0,0
39,GPTNL,5,2,1,0,0
40,GPTNL,5,2,1,0,0
41,GPTNL,5,3,1,0,0
42,GPTNL,5,3,1,0,0
43,GPTNL,5,3,1,1,2
44,GPTNL,5,3,1,1,2
45,GPTNL,5,3,1,1,2
46,GPTNL,5,3,1,0.666666667,2
47,GPTNL,5,3,1,0.333333333,1
48,GPTNL,5,3,1,0,0
49,GPTNL,5,3,1,0,0
50,GPTNL,5,3,1,0,0
51,GPTNL,5,3,1,0,0
52,GPTNL,5,3,1,0,0
53,GPTNL,5,3,1,0,0
54,GPTNL,5,3,1,0,0
55,GPTNL,5,3,1,0,0
56,GPTNL,5,3,1,0,0
57,GPTNL,5,3,1,0,0
58,GPTNL,5,3,1,0,0
59,GPTNL,5,3,1,0,0
60,GPTNL,5,3,1,0,0
1,GPTNL,5,1,2,0,0
2,GPTNL,5,1,2,0,0
3,GPTNL,5,1,2,0,0
4,GPTNL,5,1,2,0,0
5,GPTNL,5,1,2,0.714285714,5
6,GPTNL,5,1,2,0,0
7,GPTNL,5,1,2,0,0
8,GPTNL,5,1,2,0,0
9,GPTNL,5,1,2,0,0
10,GPTNL,5,1,2,0,0
11,GPTNL,5,1,2,0,0
12,GPTNL,5,1,2,0,0
13,GPTNL,5,1,2,0,0
14,GPTNL,5,1,2,0,0
15,GPTNL,5,1,2,0,0
16,GPTNL,5,1,2,0,0
17,GPTNL,5,1,2,0,0
18,GPTNL,5,1,2,0,0
19,GPTNL,5,1,2,0,0
20,GPTNL,5,1,2,0,0
21,GPTNL,5,2,2,0,0
22,GPTNL,5,2,2,0,0
23,GPTNL,5,2,2,0,0
24,GPTNL,5,2,2,0,0
25,GPTNL,5,2,2,0,0
26,GPTNL,5,2,2,0,0
27,GPTNL,5,2,2,0,0
28,GPTNL,5,2,2,0,0
29,GPTNL,5,2,2,0,0
30,GPTNL,5,2,2,0,0
31,GPTNL,5,2,2,0,0
32,GPTNL,5,2,2,0,0
33,GPTNL,5,2,2,0,0
34,GPTNL,5,2,2,0,0
35,GPTNL,5,2,2,0,0
36,GPTNL,5,2,2,0,0
37,GPTNL,5,2,2,0,0
38,GPTNL,5,2,2,0,0
39,GPTNL,5,2,2,0,0
40,GPTNL,5,2,2,0,0
41,GPTNL,5,3,2,0,0
42,GPTNL,5,3,2,0,0
43,GPTNL,5,3,2,0,0
44,GPTNL,5,3,2,0,0
45,GPTNL,5,3,2,0,0
46,GPTNL,5,3,2,0,0
47,GPTNL,5,3,2,0,0
48,GPTNL,5,3,2,0,0
49,GPTNL,5,3,2,0,0
50,GPTNL,5,3,2,0,0
51,GPTNL,5,3,2,0,0
52,GPTNL,5,3,2,0,0
53,GPTNL,5,3,2,0,0
54,GPTNL,5,3,2,0,0
55,GPTNL,5,3,2,0.75,3
56,GPTNL,5,3,2,0.75,3
57,GPTNL,5,3,2,0,0
58,GPTNL,5,3,2,0,0
59,GPTNL,5,3,2,0,0
60,GPTNL,5,3,2,0,0
1,GPTNL,5,1,3,0,0
2,GPTNL,5,1,3,0,0
3,GPTNL,5,1,3,0.4,2
4,GPTNL,5,1,3,1,10
5,GPTNL,5,1,3,0.285714286,2
6,GPTNL,5,1,3,0,0
7,GPTNL,5,1,3,0,0
8,GPTNL,5,1,3,0,0
9,GPTNL,5,1,3,0,0
10,GPTNL,5,1,3,0.25,1
11,GPTNL,5,1,3,0.333333333,2
12,GPTNL,5,1,3,0,0
13,GPTNL,5,1,3,0,0
14,GPTNL,5,1,3,0.2,1
15,GPTNL,5,1,3,0,0
16,GPTNL,5,1,3,0,0
17,GPTNL,5,1,3,0,0
18,GPTNL,5,1,3,0,0
19,GPTNL,5,1,3,0,0
20,GPTNL,5,1,3,0,0
21,GPTNL,5,2,3,0,0
22,GPTNL,5,2,3,0,0
23,GPTNL,5,2,3,0,0
24,GPTNL,5,2,3,0,0
25,GPTNL,5,2,3,0,0
26,GPTNL,5,2,3,0,0
27,GPTNL,5,2,3,0,0
28,GPTNL,5,2,3,0,0
29,GPTNL,5,2,3,0,0
30,GPTNL,5,2,3,0,0
31,GPTNL,5,2,3,0,0
32,GPTNL,5,2,3,0.5,1
33,GPTNL,5,2,3,0.5,1
34,GPTNL,5,2,3,0.5,1
35,GPTNL,5,2,3,0,0
36,GPTNL,5,2,3,0,0
37,GPTNL,5,2,3,0,0
38,GPTNL,5,2,3,0,0
39,GPTNL,5,2,3,0,0
40,GPTNL,5,2,3,0,0
41,GPTNL,5,3,3,0,0
42,GPTNL,5,3,3,0,0
43,GPTNL,5,3,3,0,0
44,GPTNL,5,3,3,0,0
45,GPTNL,5,3,3,0,0
46,GPTNL,5,3,3,0.333333333,1
47,GPTNL,5,3,3,0.666666667,2
48,GPTNL,5,3,3,1,1
49,GPTNL,5,3,3,0,0
50,GPTNL,5,3,3,0,0
51,GPTNL,5,3,3,1,1
52,GPTNL,5,3,3,0.5,1
53,GPTNL,5,3,3,1,2
54,GPTNL,5,3,3,1,2
55,GPTNL,5,3,3,0,0
56,GPTNL,5,3,3,0,0
57,GPTNL,5,3,3,1,1
58,GPTNL,5,3,3,0.25,1
59,GPTNL,5,3,3,0.25,1
60,GPTNL,5,3,3,0,0
1,GPTNL,5,1,4,1,3
2,GPTNL,5,1,4,1,4
3,GPTNL,5,1,4,0.6,3
4,GPTNL,5,1,4,0,0
5,GPTNL,5,1,4,0,0
6,GPTNL,5,1,4,0.333333333,2
7,GPTNL,5,1,4,0,0
8,GPTNL,5,1,4,1,2
9,GPTNL,5,1,4,1,2
10,GPTNL,5,1,4,0,0
11,GPTNL,5,1,4,0,0
12,GPTNL,5,1,4,0.333333333,2
13,GPTNL,5,1,4,0.333333333,2
14,GPTNL,5,1,4,0.6,3
15,GPTNL,5,1,4,0,0
16,GPTNL,5,1,4,0,0
17,GPTNL,5,1,4,0,0
18,GPTNL,5,1,4,0,0
19,GPTNL,5,1,4,0,0
20,GPTNL,5,1,4,0,0
21,GPTNL,5,2,4,0,0
22,GPTNL,5,2,4,0,0
23,GPTNL,5,2,4,0,0
24,GPTNL,5,2,4,1,1
25,GPTNL,5,2,4,1,1
26,GPTNL,5,2,4,1,1
27,GPTNL,5,2,4,1,1
28,GPTNL,5,2,4,1,2
29,GPTNL,5,2,4,1,1
30,GPTNL,5,2,4,1,2
31,GPTNL,5,2,4,1,2
32,GPTNL,5,2,4,0.5,1
33,GPTNL,5,2,4,0.5,1
34,GPTNL,5,2,4,0.5,1
35,GPTNL,5,2,4,1,1
36,GPTNL,5,2,4,1,3
37,GPTNL,5,2,4,1,1
38,GPTNL,5,2,4,1,1
39,GPTNL,5,2,4,0,0
40,GPTNL,5,2,4,0,0
41,GPTNL,5,3,4,0,0
42,GPTNL,5,3,4,0,0
43,GPTNL,5,3,4,0,0
44,GPTNL,5,3,4,0,0
45,GPTNL,5,3,4,0,0
46,GPTNL,5,3,4,0,0
47,GPTNL,5,3,4,0,0
48,GPTNL,5,3,4,0,0
49,GPTNL,5,3,4,1,1
50,GPTNL,5,3,4,1,1
51,GPTNL,5,3,4,0,0
52,GPTNL,5,3,4,0.5,1
53,GPTNL,5,3,4,0,0
54,GPTNL,5,3,4,0,0
55,GPTNL,5,3,4,0.25,1
56,GPTNL,5,3,4,0.25,1
57,GPTNL,5,3,4,0,0
58,GPTNL,5,3,4,0.75,3
59,GPTNL,5,3,4,0.75,3
60,GPTNL,5,3,4,0,0
1,BLSLO,6,1,1,1,13
2,BLSLO,6,1,1,1,15
3,BLSLO,6,1,1,1,15
4,BLSLO,6,1,1,1,33
5,BLSLO,6,1,1,0.844444444,38
6,BLSLO,6,1,1,0.85106383,40
7,BLSLO,6,1,1,0.044444444,2
8,BLSLO,6,1,1,1,51
9,BLSLO,6,1,1,0.345454546,19
10,BLSLO,6,1,1,0.345454546,19
11,BLSLO,6,1,1,0.632653061,31
12,BLSLO,6,1,1,0.632653061,31
13,BLSLO,6,1,1,0.93877551,46
14,BLSLO,6,1,1,0.93877551,46
15,BLSLO,6,1,1,0.531914894,25
16,BLSLO,6,1,1,0.961538462,50
17,BLSLO,6,1,1,0.961538462,50
18,BLSLO,6,1,1,0.392156863,20
19,BLSLO,6,1,1,0.261904762,11
20,BLSLO,6,1,1,0.340425532,16
21,BLSLO,6,2,1,0,0
22,BLSLO,6,2,1,0,0
23,BLSLO,6,2,1,0,0
24,BLSLO,6,2,1,0,0
25,BLSLO,6,2,1,0,0
26,BLSLO,6,2,1,0,0
27,BLSLO,6,2,1,0,0
28,BLSLO,6,2,1,0,0
29,BLSLO,6,2,1,0,0
30,BLSLO,6,2,1,0,0
31,BLSLO,6,2,1,0,0
32,BLSLO,6,2,1,0,0
33,BLSLO,6,2,1,0,0
34,BLSLO,6,2,1,0,0
35,BLSLO,6,2,1,0,0
36,BLSLO,6,2,1,0,0
37,BLSLO,6,2,1,0,0
38,BLSLO,6,2,1,0,0
39,BLSLO,6,2,1,0,0
40,BLSLO,6,2,1,0,0
41,BLSLO,6,3,1,0,0
42,BLSLO,6,3,1,0,0
43,BLSLO,6,3,1,0,0
44,BLSLO,6,3,1,0,0
45,BLSLO,6,3,1,0,0
46,BLSLO,6,3,1,0,0
47,BLSLO,6,3,1,0,0
48,BLSLO,6,3,1,0,0
49,BLSLO,6,3,1,0,0
50,BLSLO,6,3,1,0,0
51,BLSLO,6,3,1,0,0
52,BLSLO,6,3,1,0,0
53,BLSLO,6,3,1,0,0
54,BLSLO,6,3,1,0.020833333,1
55,BLSLO,6,3,1,0.018867925,1
56,BLSLO,6,3,1,0,0
57,BLSLO,6,3,1,0,0
58,BLSLO,6,3,1,0,0
59,BLSLO,6,3,1,0,0
60,BLSLO,6,3,1,0,0
1,BLSLO,6,1,2,0,0
2,BLSLO,6,1,2,0,0
3,BLSLO,6,1,2,0,0
4,BLSLO,6,1,2,0,0
5,BLSLO,6,1,2,0.155555556,7
6,BLSLO,6,1,2,0.14893617,7
7,BLSLO,6,1,2,0.955555556,43
8,BLSLO,6,1,2,0,0
9,BLSLO,6,1,2,0.654545455,36
10,BLSLO,6,1,2,0.654545455,36
11,BLSLO,6,1,2,0.367346939,18
12,BLSLO,6,1,2,0.367346939,18
13,BLSLO,6,1,2,0.06122449,3
14,BLSLO,6,1,2,0.06122449,3
15,BLSLO,6,1,2,0.468085106,22
16,BLSLO,6,1,2,0.038461538,2
17,BLSLO,6,1,2,0.038461538,2
18,BLSLO,6,1,2,0.607843137,31
19,BLSLO,6,1,2,0.738095238,31
20,BLSLO,6,1,2,0.659574468,31
21,BLSLO,6,2,2,0.30952381,13
22,BLSLO,6,2,2,0.30952381,13
23,BLSLO,6,2,2,0.225806452,7
24,BLSLO,6,2,2,0.225806452,7
25,BLSLO,6,2,2,0,0
26,BLSLO,6,2,2,0,0
27,BLSLO,6,2,2,0,0
28,BLSLO,6,2,2,0,0
29,BLSLO,6,2,2,0,0
30,BLSLO,6,2,2,0,0
31,BLSLO,6,2,2,0,0
32,BLSLO,6,2,2,0,0
33,BLSLO,6,2,2,0,0
34,BLSLO,6,2,2,0,0
35,BLSLO,6,2,2,0,0
36,BLSLO,6,2,2,0,0
37,BLSLO,6,2,2,0,0
38,BLSLO,6,2,2,0,0
39,BLSLO,6,2,2,0,0
40,BLSLO,6,2,2,0,0
41,BLSLO,6,3,2,0,0
42,BLSLO,6,3,2,0,0
43,BLSLO,6,3,2,0,0
44,BLSLO,6,3,2,0,0
45,BLSLO,6,3,2,0,0
46,BLSLO,6,3,2,0,0
47,BLSLO,6,3,2,0,0
48,BLSLO,6,3,2,0,0
49,BLSLO,6,3,2,0,0
50,BLSLO,6,3,2,0,0
51,BLSLO,6,3,2,0,0
52,BLSLO,6,3,2,0,0
53,BLSLO,6,3,2,0,0
54,BLSLO,6,3,2,0,0
55,BLSLO,6,3,2,0,0
56,BLSLO,6,3,2,0,0
57,BLSLO,6,3,2,0,0
58,BLSLO,6,3,2,0,0
59,BLSLO,6,3,2,0,0
60,BLSLO,6,3,2,0,0
1,BLSLO,6,1,3,0,0
2,BLSLO,6,1,3,0,0
3,BLSLO,6,1,3,0,0
4,BLSLO,6,1,3,0,0
5,BLSLO,6,1,3,0,0
6,BLSLO,6,1,3,0,0
7,BLSLO,6,1,3,0,0
8,BLSLO,6,1,3,0,0
9,BLSLO,6,1,3,0,0
10,BLSLO,6,1,3,0,0
11,BLSLO,6,1,3,0,0
12,BLSLO,6,1,3,0,0
13,BLSLO,6,1,3,0,0
14,BLSLO,6,1,3,0,0
15,BLSLO,6,1,3,0,0
16,BLSLO,6,1,3,0,0
17,BLSLO,6,1,3,0,0
18,BLSLO,6,1,3,0,0
19,BLSLO,6,1,3,0,0
20,BLSLO,6,1,3,0,0
21,BLSLO,6,2,3,0.690476191,29
22,BLSLO,6,2,3,0.690476191,29
23,BLSLO,6,2,3,0.774193548,24
24,BLSLO,6,2,3,0.774193548,24
25,BLSLO,6,2,3,0.772727273,17
26,BLSLO,6,2,3,0.772727273,17
27,BLSLO,6,2,3,1,29
28,BLSLO,6,2,3,1,30
29,BLSLO,6,2,3,1,30
30,BLSLO,6,2,3,0.956521739,44
31,BLSLO,6,2,3,0.956521739,44
32,BLSLO,6,2,3,0,0
33,BLSLO,6,2,3,0,0
34,BLSLO,6,2,3,0,0
35,BLSLO,6,2,3,0,0
36,BLSLO,6,2,3,0,0
37,BLSLO,6,2,3,0,0
38,BLSLO,6,2,3,0,0
39,BLSLO,6,2,3,0,0
40,BLSLO,6,2,3,0,0
41,BLSLO,6,3,3,0,0
42,BLSLO,6,3,3,0,0
43,BLSLO,6,3,3,0,0
44,BLSLO,6,3,3,0,0
45,BLSLO,6,3,3,0,0
46,BLSLO,6,3,3,0,0
47,BLSLO,6,3,3,0,0
48,BLSLO,6,3,3,0,0
49,BLSLO,6,3,3,0,0
50,BLSLO,6,3,3,0,0
51,BLSLO,6,3,3,0,0
52,BLSLO,6,3,3,0,0
53,BLSLO,6,3,3,0,0
54,BLSLO,6,3,3,0,0
55,BLSLO,6,3,3,0,0
56,BLSLO,6,3,3,0,0
57,BLSLO,6,3,3,0,0
58,BLSLO,6,3,3,0,0
59,BLSLO,6,3,3,0,0
60,BLSLO,6,3,3,0,0
1,BLSLO,6,1,4,0,0
2,BLSLO,6,1,4,0,0
3,BLSLO,6,1,4,0,0
4,BLSLO,6,1,4,0,0
5,BLSLO,6,1,4,0,0
6,BLSLO,6,1,4,0,0
7,BLSLO,6,1,4,0,0
8,BLSLO,6,1,4,0,0
9,BLSLO,6,1,4,0,0
10,BLSLO,6,1,4,0,0
11,BLSLO,6,1,4,0,0
12,BLSLO,6,1,4,0,0
13,BLSLO,6,1,4,0,0
14,BLSLO,6,1,4,0,0
15,BLSLO,6,1,4,0,0
16,BLSLO,6,1,4,0,0
17,BLSLO,6,1,4,0,0
18,BLSLO,6,1,4,0,0
19,BLSLO,6,1,4,0,0
20,BLSLO,6,1,4,0,0
21,BLSLO,6,2,4,0,0
22,BLSLO,6,2,4,0,0
23,BLSLO,6,2,4,0,0
24,BLSLO,6,2,4,0,0
25,BLSLO,6,2,4,0.227272727,5
26,BLSLO,6,2,4,0.227272727,5
27,BLSLO,6,2,4,0,0
28,BLSLO,6,2,4,0,0
29,BLSLO,6,2,4,0,0
30,BLSLO,6,2,4,0.043478261,2
31,BLSLO,6,2,4,0.043478261,2
32,BLSLO,6,2,4,1,42
33,BLSLO,6,2,4,1,42
34,BLSLO,6,2,4,1,50
35,BLSLO,6,2,4,1,50
36,BLSLO,6,2,4,1,47
37,BLSLO,6,2,4,1,47
38,BLSLO,6,2,4,1,37
39,BLSLO,6,2,4,1,34
40,BLSLO,6,2,4,1,30
41,BLSLO,6,3,4,1,35
42,BLSLO,6,3,4,1,35
43,BLSLO,6,3,4,1,32
44,BLSLO,6,3,4,1,41
45,BLSLO,6,3,4,1,46
46,BLSLO,6,3,4,1,35
47,BLSLO,6,3,4,1,42
48,BLSLO,6,3,4,1,32
49,BLSLO,6,3,4,1,24
50,BLSLO,6,3,4,1,43
51,BLSLO,6,3,4,1,24
52,BLSLO,6,3,4,1,56
53,BLSLO,6,3,4,1,56
54,BLSLO,6,3,4,0.979166667,47
55,BLSLO,6,3,4,0.981132076,52
56,BLSLO,6,3,4,1,41
57,BLSLO,6,3,4,1,41
58,BLSLO,6,3,4,1,24
59,BLSLO,6,3,4,1,25
60,BLSLO,6,3,4,1,25
1,EGMSU,7,1,1,0,0
2,EGMSU,7,1,1,0,0
3,EGMSU,7,1,1,0,0
4,EGMSU,7,1,1,0,0
5,EGMSU,7,1,1,0,0
6,EGMSU,7,1,1,0,0
7,EGMSU,7,1,1,0,0
8,EGMSU,7,1,1,0,0
9,EGMSU,7,1,1,0,0
10,EGMSU,7,1,1,0,0
11,EGMSU,7,1,1,0.032258065,2
12,EGMSU,7,1,1,0.032258065,2
13,EGMSU,7,1,1,0.129032258,8
14,EGMSU,7,1,1,0.194029851,13
15,EGMSU,7,1,1,0.086419753,7
16,EGMSU,7,1,1,0.013333333,1
17,EGMSU,7,1,1,0.125,9
18,EGMSU,7,1,1,0.125,9
19,EGMSU,7,1,1,0.028985507,2
20,EGMSU,7,1,1,0.028169014,2
21,EGMSU,7,2,1,0.210526316,4
22,EGMSU,7,2,1,0.210526316,4
23,EGMSU,7,2,1,0.3125,5
24,EGMSU,7,2,1,0.416666667,5
25,EGMSU,7,2,1,0,0
26,EGMSU,7,2,1,0,0
27,EGMSU,7,2,1,0,0
28,EGMSU,7,2,1,0,0
29,EGMSU,7,2,1,0,0
30,EGMSU,7,2,1,0,0
31,EGMSU,7,2,1,0,0
32,EGMSU,7,2,1,0,0
33,EGMSU,7,2,1,0,0
34,EGMSU,7,2,1,0,0
35,EGMSU,7,2,1,0,0
36,EGMSU,7,2,1,0,0
37,EGMSU,7,2,1,0,0
38,EGMSU,7,2,1,0,0
39,EGMSU,7,2,1,0,0
40,EGMSU,7,2,1,0,0
41,EGMSU,7,3,1,0,0
42,EGMSU,7,3,1,0,0
43,EGMSU,7,3,1,0,0
44,EGMSU,7,3,1,0,0
45,EGMSU,7,3,1,0,0
46,EGMSU,7,3,1,0,0
47,EGMSU,7,3,1,0,0
48,EGMSU,7,3,1,0,0
49,EGMSU,7,3,1,0,0
50,EGMSU,7,3,1,0,0
51,EGMSU,7,3,1,0,0
52,EGMSU,7,3,1,0,0
53,EGMSU,7,3,1,0,0
54,EGMSU,7,3,1,0,0
55,EGMSU,7,3,1,0,0
56,EGMSU,7,3,1,0,0
57,EGMSU,7,3,1,0,0
58,EGMSU,7,3,1,0,0
59,EGMSU,7,3,1,0,0
60,EGMSU,7,3,1,0,0
1,EGMSU,7,1,2,0.090909091,4
2,EGMSU,7,1,2,0.230769231,12
3,EGMSU,7,1,2,0.230769231,12
4,EGMSU,7,1,2,1,32
5,EGMSU,7,1,2,1,46
6,EGMSU,7,1,2,1,50
7,EGMSU,7,1,2,1,50
8,EGMSU,7,1,2,1,60
9,EGMSU,7,1,2,1,60
10,EGMSU,7,1,2,1,71
11,EGMSU,7,1,2,0.967741936,60
12,EGMSU,7,1,2,0.967741936,60
13,EGMSU,7,1,2,0.870967742,54
14,EGMSU,7,1,2,0.805970149,54
15,EGMSU,7,1,2,0.913580247,74
16,EGMSU,7,1,2,0.986666667,74
17,EGMSU,7,1,2,0.875,63
18,EGMSU,7,1,2,0.875,63
19,EGMSU,7,1,2,0.971014493,67
20,EGMSU,7,1,2,0.971830986,69
21,EGMSU,7,2,2,0.789473684,15
22,EGMSU,7,2,2,0.789473684,15
23,EGMSU,7,2,2,0.3125,5
24,EGMSU,7,2,2,0.416666667,5
25,EGMSU,7,2,2,0.714285714,5
26,EGMSU,7,2,2,1,15
27,EGMSU,7,2,2,0.454545455,10
28,EGMSU,7,2,2,0.416666667,10
29,EGMSU,7,2,2,0.407407407,11
30,EGMSU,7,2,2,0.448275862,13
31,EGMSU,7,2,2,0.352941177,12
32,EGMSU,7,2,2,0,0
33,EGMSU,7,2,2,0,0
34,EGMSU,7,2,2,0,0
35,EGMSU,7,2,2,0,0
36,EGMSU,7,2,2,0,0
37,EGMSU,7,2,2,0,0
38,EGMSU,7,2,2,0,0
39,EGMSU,7,2,2,0,0
40,EGMSU,7,2,2,0,0
41,EGMSU,7,3,2,0,0
42,EGMSU,7,3,2,0,0
43,EGMSU,7,3,2,0,0
44,EGMSU,7,3,2,0,0
45,EGMSU,7,3,2,0,0
46,EGMSU,7,3,2,0,0
47,EGMSU,7,3,2,0,0
48,EGMSU,7,3,2,0,0
49,EGMSU,7,3,2,0,0
50,EGMSU,7,3,2,0,0
51,EGMSU,7,3,2,0,0
52,EGMSU,7,3,2,0,0
53,EGMSU,7,3,2,0,0
54,EGMSU,7,3,2,0,0
55,EGMSU,7,3,2,0,0
56,EGMSU,7,3,2,0,0
57,EGMSU,7,3,2,0,0
58,EGMSU,7,3,2,0,0
59,EGMSU,7,3,2,0,0
60,EGMSU,7,3,2,0,0
1,EGMSU,7,1,3,0.909090909,40
2,EGMSU,7,1,3,0.769230769,40
3,EGMSU,7,1,3,0.769230769,40
4,EGMSU,7,1,3,0,0
5,EGMSU,7,1,3,0,0
6,EGMSU,7,1,3,0,0
7,EGMSU,7,1,3,0,0
8,EGMSU,7,1,3,0,0
9,EGMSU,7,1,3,0,0
10,EGMSU,7,1,3,0,0
11,EGMSU,7,1,3,0,0
12,EGMSU,7,1,3,0,0
13,EGMSU,7,1,3,0,0
14,EGMSU,7,1,3,0,0
15,EGMSU,7,1,3,0,0
16,EGMSU,7,1,3,0,0
17,EGMSU,7,1,3,0,0
18,EGMSU,7,1,3,0,0
19,EGMSU,7,1,3,0,0
20,EGMSU,7,1,3,0,0
21,EGMSU,7,2,3,0,0
22,EGMSU,7,2,3,0,0
23,EGMSU,7,2,3,0,0
24,EGMSU,7,2,3,0.166666667,2
25,EGMSU,7,2,3,0.285714286,2
26,EGMSU,7,2,3,0,0
27,EGMSU,7,2,3,0,0
28,EGMSU,7,2,3,0,0
29,EGMSU,7,2,3,0,0
30,EGMSU,7,2,3,0,0
31,EGMSU,7,2,3,0.058823529,2
32,EGMSU,7,2,3,0.545454546,12
33,EGMSU,7,2,3,1,5
34,EGMSU,7,2,3,0.782608696,18
35,EGMSU,7,2,3,0.782608696,18
36,EGMSU,7,2,3,0.117647059,2
37,EGMSU,7,2,3,0.545454546,18
38,EGMSU,7,2,3,0.482758621,14
39,EGMSU,7,2,3,0.424242424,14
40,EGMSU,7,2,3,0.29787234,14
41,EGMSU,7,3,3,1,63
42,EGMSU,7,3,3,1,75
43,EGMSU,7,3,3,0.3,24
44,EGMSU,7,3,3,0.3,24
45,EGMSU,7,3,3,0.311827957,29
46,EGMSU,7,3,3,0.311827957,29
47,EGMSU,7,3,3,0.329113924,26
48,EGMSU,7,3,3,0.3375,27
49,EGMSU,7,3,3,0.492957747,35
50,EGMSU,7,3,3,0.5,36
51,EGMSU,7,3,3,0.425,34
52,EGMSU,7,3,3,0.425,34
53,EGMSU,7,3,3,0.472972973,35
54,EGMSU,7,3,3,0.472972973,35
55,EGMSU,7,3,3,0.636363636,56
56,EGMSU,7,3,3,0.636363636,56
57,EGMSU,7,3,3,0.04494382,4
58,EGMSU,7,3,3,0.04494382,4
59,EGMSU,7,3,3,0,0
60,EGMSU,7,3,3,0,0
1,EGMSU,7,1,4,0,0
2,EGMSU,7,1,4,0,0
3,EGMSU,7,1,4,0,0
4,EGMSU,7,1,4,0,0
5,EGMSU,7,1,4,0,0
6,EGMSU,7,1,4,0,0
7,EGMSU,7,1,4,0,0
8,EGMSU,7,1,4,0,0
9,EGMSU,7,1,4,0,0
10,EGMSU,7,1,4,0,0
11,EGMSU,7,1,4,0,0
12,EGMSU,7,1,4,0,0
13,EGMSU,7,1,4,0,0
14,EGMSU,7,1,4,0,0
15,EGMSU,7,1,4,0,0
16,EGMSU,7,1,4,0,0
17,EGMSU,7,1,4,0,0
18,EGMSU,7,1,4,0,0
19,EGMSU,7,1,4,0,0
20,EGMSU,7,1,4,0,0
21,EGMSU,7,2,4,0,0
22,EGMSU,7,2,4,0,0
23,EGMSU,7,2,4,0.375,6
24,EGMSU,7,2,4,0,0
25,EGMSU,7,2,4,0,0
26,EGMSU,7,2,4,0,0
27,EGMSU,7,2,4,0.545454546,12
28,EGMSU,7,2,4,0.583333333,14
29,EGMSU,7,2,4,0.592592593,16
30,EGMSU,7,2,4,0.551724138,16
31,EGMSU,7,2,4,0.588235294,20
32,EGMSU,7,2,4,0.454545455,10
33,EGMSU,7,2,4,0,0
34,EGMSU,7,2,4,0.217391304,5
35,EGMSU,7,2,4,0.217391304,5
36,EGMSU,7,2,4,0.882352941,15
37,EGMSU,7,2,4,0.454545455,15
38,EGMSU,7,2,4,0.517241379,15
39,EGMSU,7,2,4,0.575757576,19
40,EGMSU,7,2,4,0.70212766,33
41,EGMSU,7,3,4,0,0
42,EGMSU,7,3,4,0,0
43,EGMSU,7,3,4,0.7,56
44,EGMSU,7,3,4,0.7,56
45,EGMSU,7,3,4,0.688172043,64
46,EGMSU,7,3,4,0.688172043,64
47,EGMSU,7,3,4,0.670886076,53
48,EGMSU,7,3,4,0.6625,53
49,EGMSU,7,3,4,0.507042254,36
50,EGMSU,7,3,4,0.5,36
51,EGMSU,7,3,4,0.575,46
52,EGMSU,7,3,4,0.575,46
53,EGMSU,7,3,4,0.527027027,39
54,EGMSU,7,3,4,0.527027027,39
55,EGMSU,7,3,4,0.363636364,32
56,EGMSU,7,3,4,0.363636364,32
57,EGMSU,7,3,4,0.95505618,85
58,EGMSU,7,3,4,0.95505618,85
59,EGMSU,7,3,4,1,42
60,EGMSU,7,3,4,1,42